,Val,Test,val err,test err,n
0,1,0.973,100,97.3,10
1,0.846153846,0.84825,84.61538462,84.825,50
2,0.84,0.788,84,78.8,100
3,0.6,0.65125,60,65.125,200
4,0.488,0.46275,48.8,46.275,500
5,0.324,0.34275,32.4,34.275,1000
6,0.1176,0.1275,11.76,12.75,5000
7,0.0872,0.07675,8.72,7.675,10000
8,0.065,0.06875,6.5,6.875,12000
,,,,,
,,,,Error,Accuracy
,,,Final Test:,6.9,93.1
