,Col1,Col2,Train,Validation
0,0,0.049,0,4.9
1,0.02525,0.06775,2.525,6.775
2,0.02275,0.054,2.275,5.4
3,0.029666667,0.05875,2.966666667,5.875
4,0.028166667,0.059,2.816666667,5.9
5,0.032916667,0.064,3.291666667,6.4
6,0.033833333,0.06375,3.383333333,6.375
7,0.039166667,0.06675,3.916666667,6.675
8,0.039583333,0.0645,3.958333333,6.45
9,0.0415,0.0665,4.15,6.65
